beneficary_id,parcel_id,id
1,1,1
2,2,2
3,3,3
4,4,4
5,5,5
6,6,6
7,7,7
8,7,8
9,7,9
10,7,10
11,8,11
12,9,12
13,10,13
14,11,14
15,12,15
16,13,16
17,14,17
18,15,18
19,16,19
20,17,20
21,18,21
22,19,22
23,19,23
24,19,24
25,19,25
26,20,26
27,21,27
28,22,28
29,23,29
30,24,30
31,25,31
32,26,32
33,27,33
34,28,34
35,29,35
36,30,36
37,31,37
38,32,38
39,33,39
40,34,40
41,35,41
42,36,42
42,37,43
43,38,44
44,39,45
45,40,46
46,40,47
47,40,48
48,41,49
48,42,50
49,43,51
50,43,52
51,43,53
52,43,54
48,44,55
53,44,56
54,44,57
55,45,58
56,45,59
57,45,60
58,45,61
59,45,62
59,45,63
59,45,64
59,45,65
63,46,66
64,47,67
65,47,68
66,47,69
67,47,70
68,47,71
69,48,72
70,49,73
71,50,74
72,51,75
73,51,76
67,51,77
75,51,78
76,51,79
77,51,80
78,52,81
79,53,82
80,53,83
81,53,84
67,53,85
83,53,86
84,54,87
85,54,88
86,55,89
87,55,90
67,55,91
89,55,92
90,55,93
91,55,94
92,56,95
93,57,96
94,57,97
95,57,98
96,57,99
97,57,100
98,57,101
99,58,102
100,59,103
101,59,104
67,59,105
103,59,106
104,59,107
105,60,108
106,60,109
107,61,110
89,61,111
105,61,112
109,62,113
110,63,114
111,64,115
112,64,116
113,65,117
114,66,118
115,67,119
116,68,120
117,68,121
118,68,122
67,68,123
120,68,124
121,68,125
122,69,126
123,69,127
124,69,128
125,69,129
126,70,130
127,71,131
128,71,132
129,71,133
112,72,134
111,72,135
130,73,136
131,73,137
132,74,138
133,74,139
134,74,140
135,74,141
136,75,142
137,75,143
138,75,144
139,75,145
140,76,146
141,77,147
142,77,148
143,77,149
144,78,150
145,78,151
146,78,152
147,79,153
148,79,154
149,80,155
150,80,156
147,81,157
151,81,158
152,82,159
153,82,160
154,82,161
155,83,162
153,83,163
157,83,164
158,83,165
135,83,166
159,83,167
160,83,168
161,83,169
162,84,170
163,85,171
164,86,172
165,86,173
165,86,174
167,87,175
168,87,176
169,87,177
170,87,178
171,87,179
172,88,180
173,88,181
174,89,182
175,89,183
67,89,184
177,90,185
178,90,186
179,91,187
180,91,188
181,92,189
182,92,190
183,92,191
184,93,192
185,93,193
186,93,194
187,93,195
188,93,196
189,93,197
190,93,198
191,94,199
192,94,200
193,94,201
194,94,202
195,94,203
194,95,204
196,96,205
175,96,206
198,96,207
199,96,208
200,97,209
201,97,210
200,97,211
203,98,212
204,98,213
205,99,214
206,99,215
207,100,216
48,101,217
208,101,218
209,102,219
210,103,220
211,103,221
212,104,222
213,105,223
214,105,224
215,105,225
216,106,226
215,106,227
216,106,228
214,106,229
214,106,230
219,106,231
220,107,232
221,107,233
222,107,234
223,107,235
224,108,236
225,108,237
226,109,238
227,110,239
228,110,240
229,111,241
210,112,242
211,112,243
210,113,244
211,113,245
230,114,246
231,114,247
232,114,248
233,114,249
234,114,250
234,114,251
75,114,252
236,115,253
237,115,254
238,115,255
52,115,256
239,115,257
240,116,258
241,116,259
242,116,260
241,117,261
243,117,262
244,118,263
245,118,264
246,119,265
247,119,266
248,120,267
249,121,268
250,121,269
251,122,270
252,122,271
253,122,272
254,123,273
255,123,274
256,124,275
257,124,276
258,124,277
259,124,278
248,125,279
260,125,280
261,126,281
262,126,282
263,127,283
264,128,284
265,128,285
266,128,286
267,128,287
268,128,288
269,129,289
270,129,290
271,129,291
272,130,292
273,130,293
274,130,294
45,131,295
275,131,296
276,131,297
114,132,298
278,133,299
279,133,300
280,134,301
281,134,302
282,134,303
283,135,304
284,135,305
203,135,306
209,136,307
285,136,308
286,136,309
287,137,310
288,139,311
289,140,312
290,141,313
291,142,314
292,143,315
293,144,316
294,145,317
295,147,318
296,148,319
297,149,320
298,150,321
299,151,322
300,153,323
301,154,324
302,156,325
303,157,326
304,158,327
305,160,328
306,161,329
307,162,330
308,163,331
309,164,332
310,166,333
311,167,334
311,168,335
309,169,336
314,171,337
315,172,338
316,173,339
317,174,340
318,175,341
319,176,342
320,177,343
321,178,344
322,179,345
323,180,346
324,181,347
325,182,348
326,183,349
305,185,350
328,187,351
329,188,352
330,189,353
331,190,354
332,191,355
333,192,356
334,193,357
335,194,358
336,197,359
337,198,360
338,199,361
339,200,362
340,201,363
341,204,364
342,205,365
343,205,366
344,207,367
345,208,368
346,209,369
347,211,370
348,212,371
349,213,372
343,215,373
351,216,374
352,217,375
353,219,376
354,220,377
355,221,378
356,222,379
357,223,380
358,225,381
359,226,382
360,227,383
361,228,384
362,229,385
363,231,386
364,232,387
365,233,388
366,234,389
357,235,390
368,236,391
369,237,392
370,240,393
371,242,394
372,243,395
374,244,396
375,245,397
376,246,398
377,247,399
378,248,400
379,249,401
380,250,402
381,252,403
382,253,404
383,254,405
384,255,406
385,257,407
386,258,408
387,260,409
388,261,410
389,262,411
390,263,412
391,264,413
392,266,414
393,267,415
394,268,416
395,269,417
396,270,418
397,271,419
398,276,420
399,277,421
400,278,422
401,279,423
402,280,424
403,281,425
404,282,426
405,283,427
406,284,428
407,285,429
408,288,430
409,289,431
410,290,432
412,291,433
413,292,434
414,294,435
415,296,436
416,297,437
417,298,438
418,299,439
419,300,440
420,301,441
421,302,442
422,303,443
423,304,444
424,305,445
425,306,446
426,308,447
427,309,448
428,310,449
429,311,450
430,312,451
431,314,452
432,315,453
433,316,454
434,317,455
435,319,456
436,320,457
437,321,458
438,322,459
439,323,460
440,324,461
441,325,462
419,326,463
415,327,464
444,329,465
445,332,466
446,333,467
447,334,468
448,335,469
449,336,470
450,337,471
451,340,472
452,341,473
453,343,474
454,344,475
455,345,476
456,346,477
457,347,478
458,348,479
459,349,480
460,350,481
461,351,482
462,352,483
463,353,484
464,354,485
465,355,486
466,356,487
467,357,488
468,358,489
469,360,490
470,361,491
471,362,492
472,363,493
473,364,494
474,365,495
475,366,496
476,369,497
477,370,498
478,371,499
479,372,500
480,373,501
481,374,502
482,375,503
483,376,504
484,377,505
485,378,506
486,379,507
487,381,508
488,382,509
489,383,510
490,384,511
491,386,512
492,387,513
493,388,514
494,389,515
495,390,516
496,391,517
497,392,518
498,395,519
471,397,520
500,398,521
451,399,522
502,400,523
503,401,524
504,402,525
505,404,526
460,405,527
507,407,528
508,408,529
509,409,530
510,410,531
511,411,532
512,413,533
513,414,534
514,415,535
515,416,536
516,417,537
517,418,538
518,419,539
519,420,540
520,421,541
521,422,542
522,423,543
523,424,544
524,425,545
525,427,546
526,429,547
527,430,548
528,431,549
529,433,550
530,434,551
531,435,552
532,436,553
533,438,554
534,439,555
535,440,556
536,441,557
537,442,558
538,443,559
539,444,560
536,446,561
541,447,562
518,448,563
543,452,564
544,453,565
545,455,566
545,456,567
547,457,568
548,458,569
549,460,570
550,463,571
551,464,572
552,467,573
553,468,574
554,470,575
555,473,576
556,474,577
557,478,578
558,479,579
559,481,580
560,483,581
561,485,582
562,486,583
548,487,584
564,488,585
565,489,586
566,491,587
567,492,588
568,493,589
569,494,590
570,496,591
571,497,592
572,498,593
573,499,594
574,500,595
298,504,596
576,505,597
577,506,598
578,507,599
579,508,600
580,509,601
581,510,602
582,511,603
583,513,604
584,514,605
585,515,606
586,516,607
362,517,608
588,518,609
589,519,610
590,520,611
591,522,612
592,524,613
593,525,614
594,526,615
595,527,616
594,528,617
597,529,618
598,530,619
599,531,620
600,532,621
601,533,622
602,535,623
603,536,624
604,537,625
605,538,626
606,539,627
607,540,628
608,541,629
609,542,630
610,543,631
611,545,632
612,546,633
613,547,634
614,548,635
615,549,636
616,550,637
617,551,638
618,552,639
619,554,640
620,556,641
621,557,642
622,558,643
623,559,644
624,560,645
305,561,646
626,562,647
627,563,648
628,564,649
629,565,650
314,566,651
631,567,652
632,569,653
633,570,654
634,571,655
635,572,656
636,573,657
637,574,658
638,575,659
639,576,660
640,578,661
641,579,662
337,580,663
643,581,664
644,582,665
645,583,666
646,584,667
647,585,668
648,586,669
649,587,670
650,588,671
651,589,672
652,590,673
653,591,674
654,592,675
655,594,676
656,595,677
656,596,678
658,597,679
659,598,680
660,600,681
661,603,682
662,604,683
663,605,684
664,607,685
665,608,686
666,610,687
667,611,688
668,612,689
669,613,690
670,614,691
671,615,692
672,616,693
673,617,694
674,618,695
675,620,696
676,621,697
646,622,698
600,623,699
679,627,700
600,628,701
681,630,702
682,631,703
683,632,704
684,633,705
685,634,706
654,636,707
431,637,708
688,638,709
689,639,710
690,641,711
691,642,712
692,643,713
693,644,714
694,645,715
695,646,716
696,647,717
697,648,718
698,649,719
699,650,720
700,651,721
701,652,722
702,653,723
703,654,724
705,655,725
706,656,726
707,657,727
708,658,728
709,659,729
710,660,730
711,661,731
712,662,732
653,664,733
714,665,734
715,666,735
717,668,736
718,669,737
719,670,738
720,671,739
722,672,740
723,673,741
724,674,742
725,676,743
726,678,744
727,679,745
728,680,746
728,682,747
730,683,748
731,684,749
732,686,750
733,687,751
734,688,752
737,689,753
738,690,754
739,691,755
486,692,756
741,694,757
742,695,758
743,696,759
744,697,760
745,698,761
746,699,762
538,700,763
748,701,764
749,702,765
750,703,766
751,704,767
752,706,768
755,707,769
756,709,770
758,710,771
759,711,772
759,712,773
761,713,774
460,714,775
766,715,776
767,716,777
770,717,778
771,718,779
772,719,780
773,720,781
775,721,782
776,722,783
777,723,784
778,724,785
779,725,786
781,726,787
782,727,788
785,728,789
787,729,790
789,730,791
