county_id,code,county,households_2019,households_2020,households_2021,households_2022,households_2023,households_2024,households_2025,households_2026,households_2027,households_2028,households_2029,households_2030,households_2031,households_2032,households_2033,households_2034,households_2035,households_2036,households_2037,households_2038,households_2039,households_2040,growth_rate_2020_percent,growth_rate_2021_percent,growth_rate_2022_percent,growth_rate_2023_percent,growth_rate_2024_percent,growth_rate_2025_percent,growth_rate_2026_percent,growth_rate_2027_percent,growth_rate_2028_percent,growth_rate_2029_percent,growth_rate_2030_percent,growth_rate_2031_percent,growth_rate_2032_percent,growth_rate_2033_percent,growth_rate_2034_percent,growth_rate_2035_percent,growth_rate_2036_percent,growth_rate_2037_percent,growth_rate_2038_percent,growth_rate_2039_percent,growth_rate_2040_percent,projection_method_2030_2040,data_note
1,Mombasa,Mombasa,378422,364949,380345,395637,410826,425913,440899,456098,471251,486362,501433,517601,532810,548264,563965,579915,596116,611250,626570,642076,657770,673653,-3.560311,4.218672,4.02056,3.839125,3.672358,3.518559,3.447275,3.322312,3.206571,3.098721,3.224359,2.938364,2.900471,2.863766,2.82819,2.793685,2.538768,2.506339,2.474743,2.444259,2.414674,Population projection growth + decaying household formation premium from 2026-2029,"2030-2040 are modelled extensions, not official KNBS household projections."
2,Kwale,Kwale,173176,169224,174894,180549,186191,191820,197435,204866,212275,219663,227031,235008,243009,251203,259594,268185,276981,285487,294174,303045,312104,321354,-2.282071,3.350589,3.233387,3.124913,3.02324,2.927223,3.76377,3.61651,3.480391,3.354229,3.513617,3.404565,3.371892,3.340326,3.309399,3.279825,3.070969,3.042871,3.015562,2.989325,2.963756,Population projection growth + decaying household formation premium from 2026-2029,"2030-2040 are modelled extensions, not official KNBS household projections."
3,Kilifi,Kilifi,298472,377236,388923,400729,412656,424706,436881,450595,464440,478422,492540,507332,521577,536034,550703,565587,580686,595068,609621,624347,639246,654320,26.389075,3.098061,3.035562,2.976326,2.920108,2.866689,3.13907,3.072604,3.010507,2.950951,3.003208,2.807826,2.771786,2.73658,2.702727,2.669616,2.476726,2.445603,2.415599,2.386333,2.358091,Population projection growth + decaying household formation premium from 2026-2029,"2030-2040 are modelled extensions, not official KNBS household projections."
4,Tana River,Tana River,68242,68470,70958,73456,75963,78480,81007,84308,87624,90957,94306,97917,101544,105268,109091,113015,117042,120976,125004,129128,133350,137672,0.334105,3.633708,3.520392,3.412927,3.313455,3.219929,4.074956,3.933197,3.803752,3.68196,3.829025,3.704158,3.667376,3.631683,3.596997,3.563244,3.361187,3.329586,3.299094,3.269624,3.241095,Population projection growth + decaying household formation premium from 2026-2029,"2030-2040 are modelled extensions, not official KNBS household projections."
5,Lamu,Lamu,37963,36007,37690,39382,41084,42797,44519,46542,48576,50619,52673,54903,57128,59413,61760,64170,66644,69068,71549,74089,76688,79347,-5.152385,4.674091,4.489254,4.321771,4.169506,4.023647,4.544127,4.370246,4.205781,4.057765,4.233668,4.052602,3.99979,3.950314,3.902202,3.855384,3.637237,3.592112,3.550015,3.507943,3.467296,Population projection growth + decaying household formation premium from 2026-2029,"2030-2040 are modelled extensions, not official KNBS household projections."
6,Taita Taveta,Taita Taveta,96429,105058,106665,108282,109910,111549,113199,115143,117099,119066,121044,123069,125027,126997,128978,130971,132976,134901,136836,138781,140736,142701,8.948553,1.529631,1.515961,1.503482,1.49122,1.479171,1.71733,1.698757,1.679775,1.661264,1.672945,1.590977,1.57566,1.559879,1.545225,1.530873,1.44763,1.434385,1.42141,1.408694,1.396231,Population projection growth + decaying household formation premium from 2026-2029,"2030-2040 are modelled extensions, not official KNBS household projections."
7,Garissa,Garissa,141394,166049,171757,177366,182877,188293,193616,199693,205656,211508,217250,223530,229274,235111,241043,247071,253196,258786,264447,270179,275984,281862,17.437091,3.43754,3.26566,3.107134,2.961553,2.826977,3.138687,2.986084,2.845528,2.714791,2.890679,2.569677,2.545862,2.523064,2.500799,2.479044,2.207776,2.187522,2.167542,2.148576,2.129834,Population projection growth + decaying household formation premium from 2026-2029,"2030-2040 are modelled extensions, not official KNBS household projections."
8,Wajir,Wajir,127932,132479,139768,146970,154087,161124,168081,176165,184119,191945,199648,208288,216748,225440,234367,243533,252942,261889,271036,280386,289941,299704,3.554232,5.502004,5.152825,4.842485,4.566901,4.317793,4.809586,4.515085,4.250512,4.013129,4.327617,4.061684,4.010187,3.959812,3.91096,3.863542,3.537175,3.492701,3.449726,3.407802,3.367237,Population projection growth + decaying household formation premium from 2026-2029,"2030-2040 are modelled extensions, not official KNBS household projections."
9,Mandera,Mandera,125763,141069,150450,159867,169326,178834,188396,198500,208527,218485,228378,239434,250358,261611,273197,285121,297389,309197,321293,333681,346363,359342,12.170511,6.649937,6.259222,5.916793,5.615204,5.346858,5.363171,5.051385,4.775401,4.528,4.841097,4.562426,4.494763,4.428713,4.364616,4.302735,3.970557,3.912069,3.855671,3.800636,3.747225,Population projection growth + decaying household formation premium from 2026-2029,"2030-2040 are modelled extensions, not official KNBS household projections."
10,Marsabit,Marsabit,77495,79026,82252,85438,88587,91699,94775,98534,102249,105352,109553,113739,117813,121980,126242,130601,135058,139248,143516,147862,152286,156790,1.975611,4.082201,3.873462,3.685714,3.512931,3.354453,3.966236,3.770272,3.034749,3.987584,3.820982,3.581885,3.536961,3.494015,3.452892,3.412684,3.102371,3.065035,3.028234,2.991979,2.957593,Population projection growth + decaying household formation premium from 2026-2029,"2030-2040 are modelled extensions, not official KNBS household projections."
11,Isiolo,Isiolo,58072,59535,61334,63089,64800,66469,68096,70145,72149,74110,83320,85685,87963,90286,92655,95071,97534,99864,102235,104647,107101,109597,2.519286,3.021752,2.861382,2.712042,2.575617,2.447758,3.008987,2.856939,2.717986,12.427473,2.838454,2.658575,2.640883,2.623884,2.607523,2.590695,2.388911,2.374229,2.35927,2.345027,2.33051,Population projection growth + decaying household formation premium from 2026-2029,"Source text appears anomalous/truncated around 2029-2030; verify against original PDF/XLSX before official use.; 2030-2040 are modelled extensions, not official KNBS household projections."
12,Meru,Meru,426360,436413,447468,458570,469721,480927,492189,504822,517511,530259,543070,556367,569144,582000,594935,607947,621035,633406,645819,658273,670768,683303,2.357867,2.533151,2.481071,2.43169,2.385671,2.341728,2.566697,2.513559,2.463329,2.415989,2.448487,2.296506,2.258831,2.222509,2.18713,2.152819,1.991997,1.959723,1.928404,1.898149,1.868753,Population projection growth + decaying household formation premium from 2026-2029,"2030-2040 are modelled extensions, not official KNBS household projections."
13,Tharaka-nithi,Tharaka-nithi,109860,116578,118520,120454,122499,124419,126331,128407,130477,132539,134595,136717,138681,140648,142617,144589,146564,148381,150197,152012,153826,155639,6.115056,1.665837,1.631792,1.697744,1.56736,1.536743,1.643302,1.612062,1.580355,1.551242,1.576582,1.436544,1.418363,1.399949,1.382724,1.365941,1.239731,1.223876,1.208413,1.193327,1.178604,Population projection growth + decaying household formation premium from 2026-2029,"2030-2040 are modelled extensions, not official KNBS household projections."
14,Embu,Embu,182743,190892,194481,198084,201703,205338,208991,212943,216914,220905,224916,229018,232859,236702,240547,244394,248243,251829,255409,258983,262551,266113,4.459268,1.880121,1.852623,1.827003,1.802155,1.779018,1.890991,1.864818,1.8399,1.815713,1.823792,1.677161,1.650355,1.624405,1.599272,1.574916,1.444552,1.4216,1.399324,1.377697,1.356689,Population projection growth + decaying household formation premium from 2026-2029,"2030-2040 are modelled extensions, not official KNBS household projections."
15,Kitui,Kitui,262942,267081,271230,275267,279192,283008,286716,291487,296170,300767,305280,310054,314421,318804,323203,327619,332052,336077,340109,344148,348195,352250,1.574111,1.553461,1.488405,1.425888,1.366801,1.31021,1.664016,1.60659,1.552149,1.500497,1.56381,1.408464,1.393991,1.379845,1.366324,1.353096,1.21216,1.199725,1.18756,1.175948,1.164577,Population projection growth + decaying household formation premium from 2026-2029,"2030-2040 are modelled extensions, not official KNBS household projections."
16,Machakos,Machakos,402466,414275,421640,428953,436215,443426,450589,457850,465088,472306,479504,486913,493646,500373,507094,513809,520519,526595,532651,538688,544706,550705,2.934161,1.777805,1.734418,1.692959,1.653084,1.615377,1.611446,1.580867,1.551964,1.524012,1.545138,1.382793,1.362717,1.343198,1.324212,1.305933,1.167296,1.15003,1.133388,1.117159,1.101328,Population projection growth + decaying household formation premium from 2026-2029,"2030-2040 are modelled extensions, not official KNBS household projections."
17,Makueni,Makueni,244669,249686,253376,256993,260537,264010,267414,271517,275554,279526,283436,287549,291440,295347,299271,303212,307171,310860,314560,318272,321996,325732,2.050525,1.477856,1.427523,1.379026,1.333016,1.289345,1.534325,1.486831,1.44146,1.398797,1.451121,1.353161,1.340585,1.328607,1.316867,1.305687,1.20096,1.190246,1.180061,1.170068,1.160263,Population projection growth + decaying household formation premium from 2026-2029,"2030-2040 are modelled extensions, not official KNBS household projections."
18,Nyandarua,Nyandarua,179686,185190,190459,195694,200896,206064,211201,216761,222294,227799,233277,239084,244478,249935,255456,261042,266693,271907,277167,282474,287828,293230,3.063121,2.845186,2.748623,2.658232,2.572475,2.492915,2.632563,2.552581,2.47645,2.404752,2.489315,2.256111,2.232103,2.208974,2.186678,2.164786,1.955057,1.934485,1.91473,1.895396,1.876815,Population projection growth + decaying household formation premium from 2026-2029,"2030-2040 are modelled extensions, not official KNBS household projections."
19,Nyeri,Nyeri,248050,264235,267621,270994,274357,277710,281054,284903,288743,292573,296396,300326,303938,307561,311196,314843,318503,321867,325238,328615,332000,335392,6.524894,1.281435,1.260364,1.240987,1.22213,1.204134,1.369488,1.347827,1.326439,1.306682,1.325929,1.202693,1.192019,1.181879,1.17193,1.162484,1.056191,1.047327,1.038317,1.030081,1.021687,Population projection growth + decaying household formation premium from 2026-2029,"2030-2040 are modelled extensions, not official KNBS household projections."
20,Kirinyaga,Kirinyaga,204188,211111,214105,217106,220116,223133,226159,229734,233328,236942,240577,244266,247802,251335,254866,258394,261919,265240,268554,271860,275159,278451,3.390503,1.418211,1.401649,1.38642,1.370641,1.356142,1.580746,1.564418,1.548893,1.534131,1.533397,1.447602,1.425735,1.404898,1.384257,1.364196,1.267949,1.249434,1.231037,1.213492,1.196399,Population projection growth + decaying household formation premium from 2026-2029,"2030-2040 are modelled extensions, not official KNBS household projections."
21,Murang'a,Murang'a,318105,375922,380918,385859,390746,395580,400361,405485,410554,415569,420530,425697,430491,435310,440154,445025,449922,454373,458842,463329,467835,472360,18.175445,1.328999,1.29713,1.266525,1.237121,1.208605,1.279845,1.250108,1.22152,1.193785,1.228688,1.126153,1.119419,1.11277,1.106658,1.100388,0.989283,0.983553,0.977897,0.972527,0.967221,Population projection growth + decaying household formation premium from 2026-2029,"2030-2040 are modelled extensions, not official KNBS household projections."
22,Kiambu,Kiambu,795241,920811,950651,980513,1010409,1040350,1070348,1103395,1136702,1170286,1204165,1239687,1273455,1307704,1342437,1377658,1413370,1447319,1481655,1516381,1551499,1587012,15.790182,3.240622,3.141216,3.049016,2.963255,2.883453,3.087501,3.018593,2.954512,2.894933,2.949928,2.723913,2.689455,2.656029,2.623661,2.592225,2.40199,2.372386,2.34373,2.315909,2.288948,Population projection growth + decaying household formation premium from 2026-2029,"2030-2040 are modelled extensions, not official KNBS household projections."
23,Turkana,Turkana,164519,202219,209262,216026,222519,228750,234726,241743,248533,255105,261462,268575,275353,282286,289378,296633,304054,310825,317731,324775,331961,339291,22.915286,3.482858,3.232312,3.005657,2.80021,2.612459,2.989443,2.808768,2.644317,2.491915,2.720472,2.52369,2.517859,2.512346,2.507101,2.501745,2.226907,2.221829,2.21697,2.212609,2.208091,Population projection growth + decaying household formation premium from 2026-2029,"2030-2040 are modelled extensions, not official KNBS household projections."
24,West Pokot,West Pokot,116182,165112,171965,178780,185559,192301,199006,206466,213888,221273,228619,236592,244473,252532,260773,269199,277813,286031,294408,302946,311648,320516,42.114958,4.150516,3.963016,3.791811,3.633346,3.486721,3.748631,3.594781,3.452742,3.319881,3.487462,3.331051,3.296479,3.263349,3.231163,3.199863,2.958105,2.928704,2.900057,2.872459,2.845518,Population projection growth + decaying household formation premium from 2026-2029,"2030-2040 are modelled extensions, not official KNBS household projections."
25,Samburu,Samburu,65910,85765,89522,93262,96986,100694,104388,108467,112504,116501,120460,124809,129063,133429,137909,142506,147223,151669,156216,160866,165621,170483,30.124412,4.380575,4.177744,3.993052,3.823232,3.66854,3.907537,3.721869,3.552763,3.398254,3.610327,3.408408,3.382844,3.357591,3.333358,3.310036,3.019909,2.997976,2.976648,2.955876,2.935618,Population projection growth + decaying household formation premium from 2026-2029,"2030-2040 are modelled extensions, not official KNBS household projections."
26,Trans Nzoia,Trans Nzoia,223808,244346,253006,261589,270096,278528,286886,296143,305332,314453,323508,333217,342378,351650,361032,370524,380125,389209,398372,407614,416934,426332,9.176616,3.544155,3.39241,3.252048,3.121853,3.000776,3.226717,3.102893,2.98724,2.879604,3.001162,2.749259,2.708118,2.667994,2.62913,2.591195,2.38974,2.354262,2.319942,2.286477,2.254074,Population projection growth + decaying household formation premium from 2026-2029,"2030-2040 are modelled extensions, not official KNBS household projections."
27,Uasin Gishu,Uasin Gishu,304943,318440,331206,343924,356596,369223,381808,395647,409453,423228,436974,451734,465906,480308,494940,509802,524896,539309,553904,568681,583640,598781,4.426073,4.008918,3.839906,3.684535,3.540982,3.408509,3.624597,3.489474,3.364244,3.247895,3.377775,3.137244,3.091181,3.046379,3.002788,2.960757,2.745877,2.706241,2.667791,2.630473,2.594236,Population projection growth + decaying household formation premium from 2026-2029,"2030-2040 are modelled extensions, not official KNBS household projections."
28,Elgeyo-marakwet,Elgeyo-marakwet,99861,105619,107724,109794,111829,113830,115797,118284,120733,123144,125519,128042,130388,132748,135122,137511,139915,142095,144282,146476,148678,150887,5.766015,1.993013,1.921577,1.853471,1.789339,1.728015,2.147724,2.070441,1.996969,1.928636,2.010054,1.832211,1.809983,1.788351,1.768032,1.748224,1.558089,1.539111,1.520633,1.503318,1.485761,Population projection growth + decaying household formation premium from 2026-2029,"2030-2040 are modelled extensions, not official KNBS household projections."
29,Nandi,Nandi,199426,210352,216798,223193,229539,235835,242083,249174,256247,263302,280543,288388,295800,303285,310843,318473,326175,333401,340673,347991,355354,362762,5.478724,3.064387,2.94975,2.843279,2.742889,2.64931,2.929161,2.838579,2.753203,6.547994,2.796363,2.570149,2.530426,2.492045,2.454615,2.418415,2.215375,2.181157,2.148101,2.115859,2.084682,Population projection growth + decaying household formation premium from 2026-2029,"Source text appears anomalous/truncated around 2029-2030; verify against original PDF/XLSX before official use.; 2030-2040 are modelled extensions, not official KNBS household projections."
30,Baringo,Baringo,142518,143061,148569,154016,159403,164731,170002,175818,181565,187244,192855,198949,204598,210333,216155,222064,228061,233517,239031,244603,250233,255922,0.381005,3.850106,3.66631,3.497689,3.342472,3.199762,3.421136,3.268721,3.127805,2.996625,3.159887,2.839421,2.803058,2.767992,2.733686,2.700573,2.392342,2.361284,2.331078,2.301689,2.273481,Population projection growth + decaying household formation premium from 2026-2029,"2030-2040 are modelled extensions, not official KNBS household projections."
31,Laikipia,Laikipia,149271,143150,147677,152192,156694,161186,165667,170829,175967,181083,186177,191622,196853,202166,207562,213042,218607,223861,229182,234571,240028,245554,-4.100596,3.162417,3.057348,2.958106,2.866734,2.780018,3.115889,3.007686,2.907363,2.813075,2.924636,2.729854,2.698968,2.669094,2.640175,2.612161,2.4034,2.376921,2.351406,2.326375,2.302231,Population projection growth + decaying household formation premium from 2026-2029,"2030-2040 are modelled extensions, not official KNBS household projections."
32,Nakuru,Nakuru,616046,614270,637040,659619,682009,704213,726233,750067,773696,797121,820347,845401,869153,893287,917807,942716,968019,991726,1015734,1040045,1064662,1089588,-0.28829,3.706839,3.544361,3.394384,3.255676,3.126895,3.281867,3.150252,3.027675,2.913736,3.054073,2.809554,2.776726,2.744918,2.713969,2.684053,2.449022,2.42083,2.393442,2.366917,2.341213,Population projection growth + decaying household formation premium from 2026-2029,"2030-2040 are modelled extensions, not official KNBS household projections."
33,Narok,Narok,241125,226886,240431,253930,267385,280796,294164,310371,326514,342597,358617,376518,393995,412017,430594,449734,469448,488307,507640,527453,547751,568541,-5.905236,5.969958,5.614501,5.298704,5.015614,4.760752,5.509512,5.201195,4.925669,4.676048,4.991676,4.641744,4.57417,4.508795,4.445022,4.38348,4.017271,3.95919,3.902963,3.848305,3.79552,Population projection growth + decaying household formation premium from 2026-2029,"2030-2040 are modelled extensions, not official KNBS household projections."
34,Kajiado,Kajiado,316179,332782,347330,361799,376189,390501,404737,419831,434859,449821,464720,480839,496158,511771,527681,543891,560405,576043,591924,608049,624422,641044,5.251139,4.371631,4.165779,3.977347,3.804471,3.645573,3.729335,3.579536,3.440655,3.312206,3.46854,3.18589,3.14678,3.108812,3.071932,3.03627,2.790482,2.756912,2.724167,2.692711,2.661982,Population projection growth + decaying household formation premium from 2026-2029,"2030-2040 are modelled extensions, not official KNBS household projections."
35,Kericho,Kericho,206036,221858,226909,231867,236733,241509,246197,251492,256714,261864,266944,272321,277326,282353,287401,292470,297561,302270,306987,311713,316447,321190,7.679241,2.276681,2.185017,2.098617,2.017463,1.941128,2.150717,2.076408,2.006124,1.939938,2.01428,1.837905,1.812668,1.787833,1.763738,1.740691,1.582533,1.560525,1.539479,1.518705,1.498829,Population projection growth + decaying household formation premium from 2026-2029,"2030-2040 are modelled extensions, not official KNBS household projections."
36,Bomet,Bomet,187641,206631,211850,217022,222148,227227,232261,237954,243607,249221,254796,260667,266150,271658,277190,282747,288327,293507,298695,303890,309092,314301,10.120389,2.525758,2.44135,2.361973,2.286314,2.215406,2.451122,2.375669,2.304531,2.23697,2.304196,2.10345,2.06951,2.036384,2.004762,1.973496,1.796571,1.76759,1.739232,1.711804,1.685259,Population projection growth + decaying household formation premium from 2026-2029,"2030-2040 are modelled extensions, not official KNBS household projections."
37,Kakamega,Kakamega,433207,452039,465036,477912,490667,503304,515824,529638,543341,556933,570417,584759,598019,611411,624934,638590,652379,665097,677901,690792,703770,716835,4.347114,2.875194,2.768818,2.668901,2.575474,2.487562,2.678045,2.587239,2.50156,2.421117,2.514301,2.267601,2.239394,2.211769,2.185191,2.159288,1.94948,1.925133,1.901605,1.878713,1.85643,Population projection growth + decaying household formation premium from 2026-2029,"2030-2040 are modelled extensions, not official KNBS household projections."
38,Vihiga,Vihiga,143365,160384,161165,161924,162662,163379,164075,165225,166350,167449,168523,169657,170607,171565,172532,173508,174493,175338,176190,177049,177916,178790,11.871098,0.486956,0.470946,0.455769,0.440791,0.426003,0.700899,0.68089,0.660655,0.641389,0.672905,0.559953,0.561524,0.563635,0.565692,0.567697,0.48426,0.485919,0.487542,0.489695,0.491243,Population projection growth + decaying household formation premium from 2026-2029,"2030-2040 are modelled extensions, not official KNBS household projections."
39,Bungoma,Bungoma,358796,435136,448984,462753,476444,490056,503591,517681,531683,545597,559425,574085,587640,601293,615042,628886,642824,655768,668759,681797,694880,708008,21.276714,3.182453,3.066702,2.958598,2.856999,2.761929,2.797905,2.704754,2.616973,2.534471,2.620548,2.361149,2.323361,2.286572,2.250903,2.2163,2.013615,1.981036,1.949581,1.9189,1.889247,Population projection growth + decaying household formation premium from 2026-2029,"2030-2040 are modelled extensions, not official KNBS household projections."
40,Busia,Busia,198152,200686,207097,213451,219750,225992,232181,239276,246323,253323,260276,267716,274697,281769,288933,296190,303540,310370,317266,324228,331257,338352,1.278816,3.194543,3.068127,2.951029,2.840501,2.738593,3.055806,2.945134,2.841797,2.744717,2.858504,2.607614,2.574473,2.542508,2.511655,2.481515,2.250115,2.221864,2.194373,2.167919,2.141842,Population projection growth + decaying household formation premium from 2026-2029,"2030-2040 are modelled extensions, not official KNBS household projections."
41,Siaya,Siaya,250698,233289,239252,245139,250953,256692,262359,268217,275478,282684,291373,299047,306424,313903,321485,329171,336962,344264,351647,359112,366659,374290,-6.944212,2.556057,2.460585,2.371716,2.286882,2.207704,2.232818,2.707136,2.615817,3.07375,2.633738,2.466836,2.440736,2.415396,2.39078,2.366855,2.16701,2.144575,2.122868,2.101573,2.081225,Population projection growth + decaying household formation premium from 2026-2029,"2030-2040 are modelled extensions, not official KNBS household projections."
42,Kisumu,Kisumu,300745,315300,324658,333938,343139,352262,361309,371248,381105,390880,400574,410895,420663,430531,440499,450568,460738,470328,479990,489725,499533,509415,4.839648,2.967967,2.858393,2.755302,2.658689,2.568259,2.750831,2.655098,2.56491,2.480045,2.576553,2.37725,2.345821,2.31528,2.285817,2.257151,2.081443,2.054311,2.028167,2.002757,1.978248,Population projection growth + decaying household formation premium from 2026-2029,"2030-2040 are modelled extensions, not official KNBS household projections."
43,Homa Bay,Homa Bay,262036,250211,258134,265945,273647,281241,288729,298473,308121,317672,327129,337358,347282,357370,367623,378042,388629,398619,408740,418992,429376,439894,-4.512739,3.166527,3.025948,2.896088,2.775108,2.662485,3.374791,3.232453,3.099756,2.97697,3.126901,2.941682,2.904844,2.869015,2.834153,2.800482,2.570575,2.539016,2.508196,2.478329,2.449601,Population projection growth + decaying household formation premium from 2026-2029,"2030-2040 are modelled extensions, not official KNBS household projections."
44,Migori,Migori,240168,240963,251069,261121,271118,281061,290950,302977,314926,326798,338595,351491,364042,376877,389999,403412,417120,430252,443630,457257,471136,485269,0.331018,4.194005,4.00368,3.828493,3.667407,3.518453,4.1337,3.943864,3.769774,3.609875,3.80868,3.570788,3.525692,3.481773,3.43924,3.398015,3.148255,3.109341,3.071704,3.035273,2.999771,Population projection growth + decaying household formation premium from 2026-2029,"2030-2040 are modelled extensions, not official KNBS household projections."
45,Kisii,Kisii,308054,358706,364823,370905,376950,382959,388934,394960,400942,406880,412775,418867,424331,429779,435210,440625,446024,450877,455703,460502,465274,470020,16.442572,1.705296,1.66711,1.629797,1.594111,1.560219,1.549363,1.514584,1.481012,1.44883,1.475865,1.304471,1.283903,1.263673,1.244227,1.225305,1.088058,1.070358,1.053098,1.03626,1.020044,Population projection growth + decaying household formation premium from 2026-2029,"2030-2040 are modelled extensions, not official KNBS household projections."
46,Nyamira,Nyamira,150669,182745,183860,184960,186045,187116,188173,189656,191127,192588,194037,195516,196857,198192,199522,200847,202168,203354,204534,205708,206877,208040,21.289051,0.61014,0.598281,0.586613,0.575667,0.56489,0.788105,0.775615,0.764413,0.752383,0.762226,0.685877,0.678157,0.671066,0.664087,0.657715,0.586641,0.580269,0.573988,0.568281,0.56217,Population projection growth + decaying household formation premium from 2026-2029,"2030-2040 are modelled extensions, not official KNBS household projections."
47,Nairobi,Nairobi,1506888,1536022,1585467,1634695,1683710,1732515,1781116,1830752,1880756,1931141,1981922,2034772,2084358,2134396,2184885,2235822,2287206,2335471,2384027,2432872,2482005,2531425,1.933389,3.219029,3.104953,2.998419,2.898658,2.805228,2.786792,2.731337,2.678976,2.629585,2.666603,2.436932,2.400643,2.365494,2.331336,2.298215,2.110217,2.079067,2.048844,2.019547,1.991132,Population projection growth + decaying household formation premium from 2026-2029,"2030-2040 are modelled extensions, not official KNBS household projections."
